ID,0.0,1.0
2003_1323_1454,0.3751228940106258,0.6248771059893742
2003_1268_1423,0.4595285273450773,0.5404714726549227
2003_1400_1421,0.2180789960893137,0.7819210039106863
2003_1407_1462,0.7987208116124409,0.20127918838755912
2003_1113_1242,0.7092406211367208,0.2907593788632792
2003_1143_1328,0.674755046612248,0.3252449533877519
2003_1393_1400,0.5558365142956516,0.44416348570434844
2004_1197_1250,0.68070313170767,0.31929686829232995
2004_1343_1400,0.7816663853138384,0.2183336146861617
2004_1210_1320,0.2553340711003593,0.7446659288996407
2004_1257_1462,0.5942441652623169,0.40575583473768306
2004_1163_1435,0.31598127984981006,0.6840187201501899
2004_1181_1462,0.29275860498899675,0.7072413950110032
2005_1104_1454,0.40507046940435654,0.5949295305956435
2005_1314_1324,0.21811970064120356,0.7818802993587964
2005_1329_1368,0.24239369506875452,0.7576063049312455
2005_1211_1403,0.35469102265007235,0.6453089773499276
2005_1210_1257,0.515942084883128,0.48405791511687196
2005_1112_1228,0.6418319112203376,0.35816808877966244
2005_1246_1277,0.3610348363484075,0.6389651636515925
2006_1284_1437,0.8019019707684286,0.19809802923157135
2006_1211_1231,0.3709911768350129,0.6290088231649871
2006_1272_1417,0.45579879032396153,0.5442012096760385
2007_1125_1207,0.8258989395461387,0.17410106045386134
2007_1107_1438,0.7753947272822845,0.2246052727177154
2007_1338_1433,0.2906349548161613,0.7093650451838387
2007_1397_1438,0.5347233869009963,0.4652766130990037
2007_1272_1326,0.5722509283764281,0.4277490716235719
2008_1277_1396,0.35182331755875573,0.6481766824412443
2008_1124_1345,0.5921813222199823,0.4078186777800177
2008_1274_1388,0.44797315858410236,0.5520268414158976
2008_1266_1390,0.6810515252859699,0.31894847471403004
2008_1181_1452,0.3206533494729674,0.6793466505270326
2008_1172_1458,0.6173184830072422,0.3826815169927577
2009_1112_1428,0.4889618151719173,0.5110381848280827
2009_1113_1393,0.6418799150170977,0.35812008498290226
2010_1115_1457,0.6638946142739743,0.3361053857260257
2010_1124_1358,0.25298151726922247,0.7470184827307775
2010_1155_1281,0.49500044609880345,0.5049995539011966
2010_1338_1462,0.3820472396929495,0.6179527603070505
2010_1181_1345,0.36745475141201156,0.6325452485879884
2010_1246_1452,0.494308662622686,0.505691337377314
2010_1124_1181,0.6091243471033609,0.390875652896639
2011_1199_1401,0.600544929496979,0.399455070503021
2011_1254_1314,0.820247085738778,0.17975291426122192
2011_1361_1396,0.31056891013328314,0.6894310898667169
2011_1112_1400,0.5387610435876939,0.4612389564123061
2011_1266_1393,0.6747990751900093,0.32520092480999074
2011_1345_1433,0.3459430604051529,0.6540569395948471
2011_1246_1326,0.559875121385567,0.440124878614433
2011_1199_1433,0.4639909897967539,0.5360090102032461
2011_1139_1196,0.6477069381447194,0.3522930618552806
2012_1140_1233,0.6439212639651497,0.35607873603485035
2012_1161_1293,0.6005407163095924,0.39945928369040756
2012_1253_1307,0.590413135793384,0.40958686420661605
2012_1199_1382,0.3345269362880968,0.6654730637119032
2012_1181_1250,0.30312001695326085,0.6968799830467391
2012_1345_1388,0.5925153991596334,0.40748460084036664
2012_1124_1160,0.3001251369310748,0.6998748630689252
2012_1235_1246,0.6961322507361443,0.3038677492638557
2012_1393_1458,0.32051392815804436,0.6794860718419556
2012_1231_1246,0.49137625994963385,0.5086237400503661
2012_1314_1325,0.21570839881986392,0.7842916011801361
2013_1241_1254,0.6594884666148804,0.3405115333851196
2013_1112_1125,0.4294741552058998,0.5705258447941002
2013_1272_1388,0.4075862222632364,0.5924137777367636
2013_1195_1207,0.8096043345975237,0.19039566540247627
2013_1274_1334,0.2373939398909365,0.7626060601090635
2013_1314_1437,0.5060175348314901,0.49398246516850985
2013_1328_1361,0.5996439566262013,0.4003560433737987
2013_1332_1387,0.5870967713414448,0.41290322865855517
2013_1247_1279,0.6784644594918293,0.3215355405081707
2013_1266_1274,0.46679305097370616,0.5332069490262938
2014_1301_1462,0.562117749218546,0.43788225078145404
2014_1257_1264,0.3122106092735044,0.6877893907264956
2014_1113_1400,0.6142036423450914,0.3857963576549086
2014_1235_1300,0.3046269379098595,0.6953730620901405
2014_1112_1458,0.517434026943202,0.48256597305679805
2014_1246_1276,0.6764967168190076,0.3235032831809924
2015_1372_1428,0.5509663808423144,0.44903361915768564
2015_1172_1234,0.6182416534183995,0.38175834658160046
2015_1329_1332,0.5801993171872597,0.41980068281274036
2015_1138_1452,0.5998510149282692,0.40014898507173075
2015_1157_1458,0.8067799667764199,0.19322003322358
2015_1301_1437,0.6490840171922119,0.35091598280778813
2015_1139_1323,0.5833004134308446,0.41669958656915546
2015_1277_1328,0.6632599149739689,0.3367400850260311
2016_1344_1425,0.5812367342631253,0.41876326573687467
2016_1163_1242,0.7028097568005891,0.29719024319941095
2016_1320_1401,0.6729110692182272,0.32708893078177276
2016_1458_1462,0.6621614084306398,0.33783859156936025
2016_1242_1268,0.317928820561566,0.682071179438434
2016_1235_1438,0.5895695842083813,0.41043041579161865
2016_1328_1437,0.4917039987105283,0.5082960012894717
2017_1235_1305,0.3652868774854664,0.6347131225145336
2017_1321_1435,0.5001517288614169,0.4998482711385831
2017_1388_1433,0.512288163401272,0.48771183659872797
2017_1266_1376,0.6089943610052577,0.39100563899474233
2017_1112_1462,0.3565634828826102,0.6434365171173898
2017_1196_1376,0.3618148829626582,0.6381851170373418
2018_1326_1355,0.3072160334280847,0.6927839665719153
2018_1301_1371,0.5700975792169378,0.42990242078306223
2018_1267_1455,0.6825122760013818,0.3174877239986182
2018_1344_1401,0.6042897120401888,0.3957102879598112
2018_1267_1452,0.6235608114971904,0.37643918850280955
2019_1125_1396,0.5721393342456884,0.42786066575431153
2019_1113_1385,0.5362944271238688,0.4637055728761312
2019_1297_1403,0.8232945294197047,0.1767054705802953
2019_1429_1449,0.5338717733170166,0.4661282266829833
2019_1251_1439,0.6241843549332458,0.37581564506675424
2019_1211_1403,0.4270387467274783,0.5729612532725217
2019_1277_1403,0.4711140075128094,0.5288859924871906
2019_1120_1438,0.570647348168399,0.429352651831601
2021_1210_1260,0.5471421701600785,0.45285782983992146
2021_1160_1199,0.49007560445796694,0.5099243955420331
2021_1242_1425,0.352780769334864,0.647219230665136
2021_1199_1276,0.6149331606622247,0.3850668393377753
2021_1104_1417,0.3266937843864667,0.6733062156135333
2021_1124_1211,0.5899225746870804,0.41007742531291963
2003_1112_1436,0.08162590795540259,0.9183740920445974
2003_1140_1163,0.6507641645184646,0.34923583548153536
2003_1281_1356,0.4125633992538692,0.5874366007461308
2003_1266_1281,0.45720528359479884,0.5427947164052012
2003_1246_1428,0.3585680931744143,0.6414319068255857
2003_1163_1400,0.7158707367924695,0.28412926320753046
2003_1328_1393,0.25206266202442706,0.7479373379755729
2004_1268_1431,0.3063498613319383,0.6936501386680617
2004_1197_1246,0.9302039365403806,0.06979606345961942
2004_1412_1449,0.5282602660834564,0.47173973391654356
2004_1435_1444,0.45396073117069946,0.5460392688293005
2004_1350_1458,0.467825589212153,0.532174410787847
2004_1104_1390,0.5183992142954443,0.4816007857045557
2004_1338_1458,0.40102819428080605,0.598971805719194
2004_1210_1305,0.2954948548869055,0.7045051451130945
2004_1104_1163,0.7663010700742189,0.2336989299257811
2005_1153_1246,0.6459122521731864,0.3540877478268137
2006_1181_1380,0.10763839949389131,0.8923616005061087
2006_1397_1457,0.24073340321241565,0.7592665967875843
2006_1234_1322,0.284697186187052,0.715302813812948
2006_1163_1206,0.44226962391247804,0.557730376087522
2007_1335_1401,0.9308997268921153,0.06910027310788464
2007_1210_1424,0.6855014347598463,0.31449856524015374
2007_1257_1401,0.667315685433453,0.33268431456654707
2007_1242_1246,0.1900708301092745,0.8099291698907255
2007_1314_1425,0.36981790496822653,0.6301820950317735
2007_1196_1326,0.5620094162274629,0.437990583772537
2008_1164_1291,0.6163026299083857,0.3836973700916143
2008_1112_1452,0.5566719379847751,0.4433280620152249
2008_1280_1332,0.6315984522420496,0.3684015477579504
2008_1328_1386,0.3143256444851099,0.6856743555148901
2008_1373_1435,0.8198863084754551,0.18011369152454498
2008_1272_1280,0.221995269812453,0.778004730187547
2008_1373_1437,0.5975289032493327,0.4024710967506673
2008_1272_1277,0.2630484674282042,0.7369515325717958
2008_1390_1400,0.5552771097459306,0.44472289025406936
2008_1257_1314,0.5868608663262296,0.4131391336737705
2008_1242_1272,0.25725714602258054,0.7427428539774195
2009_1280_1449,0.8491741267335909,0.1508258732664091
2009_1181_1437,0.5576106707675572,0.4423893292324428
2009_1163_1277,0.47110749661131546,0.5288925033886845
2010_1242_1250,0.0906225077686651,0.9093774922313349
2010_1393_1436,0.29961940787179264,0.7003805921282074
2010_1124_1330,0.2950357679768436,0.7049642320231564
2010_1139_1393,0.628782147817124,0.3712178521828759
2010_1277_1397,0.3619254141964673,0.6380745858035327
2011_1139_1330,0.48074757659774536,0.5192524234022546
2011_1257_1287,0.24640489216418515,0.7535951078358148
2011_1338_1421,0.09935917871337152,0.9006408212866285
2011_1103_1323,0.8773354567708581,0.1226645432291419
2011_1324_1400,0.8785221790251483,0.1214778209748517
2011_1246_1314,0.6383300465393328,0.3616699534606672
2012_1160_1424,0.6647766379522164,0.3352233620477835
2012_1172_1257,0.8354411727773189,0.1645588272226811
2012_1393_1421,0.09763748145662776,0.9023625185433722
2012_1125_1207,0.8962943203462923,0.10370567965370774
2012_1314_1436,0.1055203011378707,0.8944796988621293
2012_1378_1396,0.5327685443179229,0.4672314556820771
2012_1435_1458,0.5095148110154373,0.4904851889845628
2012_1207_1301,0.22734848515377615,0.7726515148462239
2012_1166_1314,0.792922925484068,0.2070770745159321
2012_1124_1246,0.42939649521867373,0.5706035047813263
2013_1143_1424,0.5691207541794138,0.43087924582058623
2013_1243_1247,0.3885221484136877,0.6114778515863123
2013_1195_1361,0.7316603170506442,0.26833968294935584
2013_1228_1274,0.5673535090353519,0.4326464909646482
2013_1235_1326,0.5972647199211694,0.4027352800788307
2013_1112_1326,0.7317406229384116,0.2682593770615885
2013_1181_1277,0.7001962441150773,0.29980375588492275
2013_1195_1196,0.9259672663332414,0.07403273366675861
2013_1326_1455,0.2811498849750278,0.7188501150249722
2013_1257_1455,0.18578212176936681,0.8142178782306332
2013_1257_1276,0.43603754474414635,0.5639624552558536
2014_1140_1332,0.5965444624863254,0.4034555375136746
2014_1166_1418,0.19462793999288552,0.8053720600071145
2014_1307_1390,0.4472878242593963,0.5527121757406037
2014_1217_1277,0.6181786396182832,0.38182136038171677
2014_1295_1361,0.6901431585111616,0.3098568414888384
2014_1273_1397,0.6626488522520357,0.3373511477479642
2014_1173_1196,0.8586634593813655,0.14133654061863454
2015_1214_1264,0.6313374722018948,0.36866252779810516
2015_1139_1400,0.3956510002299558,0.6043489997700442
2015_1211_1295,0.12333323637702309,0.8766667636229769
2015_1208_1277,0.6419176302687382,0.35808236973126184
2015_1332_1458,0.7835802689551306,0.21641973104486947
2015_1181_1277,0.6362812159755785,0.3637187840244215
2016_1277_1292,0.26011134463647956,0.7398886553635204
2016_1320_1400,0.6631811897044971,0.33681881029550287
2016_1221_1332,0.9379981779084439,0.0620018220915561
2016_1314_1323,0.24852761383303268,0.7514723861669673
2017_1291_1437,0.8881683915121346,0.11183160848786541
2017_1374_1425,0.40707520388654483,0.5929247961134552
2017_1242_1345,0.29895182309872004,0.70104817690128
2017_1242_1332,0.3758951599219994,0.6241048400780006
2017_1246_1314,0.6664301721985297,0.3335698278014702
2017_1211_1376,0.19130704795158615,0.8086929520484138
2017_1211_1314,0.5808765902660058,0.4191234097339942
2018_1172_1246,0.6950844283403914,0.30491557165960853
2018_1372_1403,0.8668135846609382,0.1331864153390619
2018_1293_1452,0.6751475630536226,0.3248524369463775
2018_1199_1462,0.7813050096408745,0.21869499035912549
2018_1276_1437,0.6481846406419791,0.35181535935802094
2019_1124_1393,0.5411291785992061,0.458870821400794
2019_1199_1436,0.2796005905198242,0.7203994094801758
2019_1330_1345,0.8908549191527835,0.10914508084721658
2019_1332_1458,0.7301611530499132,0.2698388469500868
2019_1345_1437,0.3584398856800851,0.6415601143199149
2019_1222_1326,0.25254887001031223,0.7474511299896878
2019_1222_1246,0.6406559822860418,0.3593440177139582
2021_1291_1411,0.6380828740004695,0.3619171259995305
2021_1277_1417,0.5502036454883068,0.4497963545116932
2021_1156_1222,0.902219608478096,0.09778039152190404
2021_1317_1345,0.8097651046496036,0.1902348953503964
2021_1199_1422,0.2470023052351279,0.7529976947648721
2021_1211_1313,0.0759674946055866,0.9240325053944134
2021_1213_1234,0.9088308694438749,0.09116913055612505
2021_1281_1328,0.5491988951171713,0.45080110488282865
2021_1104_1268,0.1869357565489972,0.8130642434510028
2003_1143_1301,0.5170394356948115,0.4829605643051885
2003_1153_1211,0.49975657093931514,0.5002434290606849
2003_1221_1266,0.751281093855144,0.24871890614485598
2003_1231_1338,0.6937316002484702,0.30626839975152975
2003_1242_1393,0.6381772544145243,0.3618227455854757
2004_1211_1434,0.10331412527234385,0.8966858747276562
2004_1150_1403,0.3661012349223328,0.6338987650776672
2004_1433_1448,0.853820551215988,0.14617944878401198
2004_1163_1177,0.2173333536676445,0.7826666463323555
2004_1264_1448,0.7774511860893911,0.22254881391060885
2004_1130_1210,0.4388000549153087,0.5611999450846913
2004_1153_1228,0.5317183082045195,0.4682816917954805
2004_1400_1462,0.5836546214492446,0.4163453785507553
2005_1153_1234,0.46958358728440486,0.5304164127155951
2005_1261_1412,0.3627167090033012,0.6372832909966988
2005_1257_1418,0.35043867979517807,0.6495613202048219
2005_1356_1388,0.36156558879480183,0.6384344112051982
2005_1403_1452,0.4551736771680208,0.5448263228319792
2005_1228_1257,0.24516354294401155,0.7548364570559885
2006_1196_1375,0.1592656653986675,0.8407343346013325
2006_1393_1401,0.34443715372894235,0.6555628462710577
2006_1125_1417,0.9225982717838855,0.07740172821611445
2006_1116_1137,0.5937410723180174,0.4062589276819825
2006_1107_1163,0.9128057991682431,0.08719420083175689
2006_1143_1301,0.481091127386854,0.518908872613146
2006_1130_1285,0.17857212949817935,0.8214278705018206
2006_1196_1207,0.3324320393757292,0.6675679606242708
2007_1257_1390,0.5590291642212775,0.44097083577872254
2007_1181_1433,0.34334775700257913,0.6566522429974209
2007_1112_1345,0.5296401149664772,0.4703598850335228
2007_1323_1457,0.21468961176158619,0.7853103882384138
2007_1356_1439,0.49281491932994703,0.507185080670053
2007_1207_1435,0.30090807628761995,0.69909192371238
2007_1207_1314,0.5782866033539469,0.42171339664605306
2008_1165_1390,0.9290192469834909,0.07098075301650907
2008_1110_1397,0.7738251894159759,0.22617481058402408
2008_1277_1338,0.5095676113139002,0.49043238868609984
2008_1257_1397,0.7091726747470162,0.2908273252529839
2009_1151_1163,0.9520080768010212,0.04799192319897884
2009_1139_1261,0.4847492720760609,0.5152507279239391
2009_1211_1443,0.37228012364432983,0.6277198763556702
2009_1329_1338,0.6260805061643508,0.3739194938356491
2009_1458_1462,0.6852612249602854,0.31473877503971454
2009_1163_1281,0.3029164437741817,0.6970835562258183
2010_1350_1388,0.46892454047104437,0.5310754595289556
2010_1401_1429,0.24111806526869384,0.7588819347313062
2010_1246_1448,0.06064788683007771,0.9393521131699223
2010_1345_1401,0.40341728967905577,0.5965827103209442
2010_1281_1452,0.7097983555084777,0.2902016444915223
2010_1124_1388,0.2972350765919034,0.7027649234080966
2010_1277_1320,0.32289741153024654,0.6771025884697535
2011_1155_1452,0.6640064587782337,0.33599354122176633
2011_1276_1397,0.5076235092408425,0.49237649075915746
2012_1290_1443,0.6134470614465188,0.3865529385534811
2012_1249_1436,0.6044295465474716,0.39557045345252845
2012_1246_1443,0.04259997668917559,0.9574000233108244
2012_1140_1266,0.9174522480845808,0.08254775191541917
2012_1433_1455,0.6492601093073658,0.3507398906926342
2012_1104_1166,0.6167072097957605,0.38329279020423945
2012_1242_1314,0.5305728620033461,0.46942713799665386
2013_1137_1139,0.572288951589492,0.427711048410508
2013_1161_1257,0.84044121480707,0.15955878519292999
2013_1276_1433,0.5046512269878656,0.4953487730121344
2013_1211_1455,0.20521352281022276,0.7947864771897772
2013_1266_1393,0.30957358153993,0.69042641846007
2014_1234_1397,0.604941704154444,0.395058295845556
2014_1308_1361,0.8469502188321312,0.15304978116786877
2014_1110_1458,0.8473854250871472,0.15261457491285282
2014_1142_1455,0.9252231395366275,0.07477686046337254
2014_1173_1393,0.6681399380340592,0.33186006196594076
2014_1124_1166,0.6198299919105362,0.3801700080894638
2014_1163_1235,0.6637214460450809,0.3362785539549192
2014_1276_1397,0.36305044734060443,0.6369495526593956
2014_1277_1438,0.4928837647446618,0.5071162352553382
2014_1163_1196,0.7218209834988087,0.27817901650119126
2014_1163_1246,0.38296280971172114,0.6170371902882789
2015_1129_1173,0.5098081319806491,0.4901918680193509
2015_1257_1414,0.35069005284830257,0.6493099471516974
2015_1107_1328,0.9110302022245163,0.08896979777548376
2015_1116_1314,0.5414913161272925,0.4585086838727075
2017_1423_1438,0.5802049860868412,0.4197950139131588
2017_1124_1308,0.30567564461415975,0.6943243553858403
2017_1153_1243,0.22644153618229368,0.7735584638177063
2017_1240_1257,0.9281314554447312,0.07186854455526878
2017_1276_1329,0.4316592908946236,0.5683407091053764
2017_1199_1462,0.27388436756378043,0.7261156324362196
2017_1124_1425,0.24351679694524275,0.7564832030547572
2017_1211_1462,0.16307262349778873,0.8369273765022113
2018_1104_1439,0.5673813057806971,0.4326186942193028
2018_1112_1138,0.25903807983709926,0.7409619201629007
2018_1328_1348,0.6010667237337012,0.3989332762662988
2018_1199_1281,0.4655958055068995,0.5344041944931005
2018_1305_1400,0.39234918989915935,0.6076508101008407
2018_1393_1395,0.6189304414111014,0.3810695585888985
2018_1181_1393,0.2395401419023797,0.7604598580976203
2018_1155_1242,0.6985350240083572,0.30146497599164274
2018_1437_1452,0.20240111942717876,0.7975988805728212
2018_1260_1276,0.7168205386530853,0.2831794613469148
2019_1192_1341,0.6364239159883829,0.36357608401161706
2019_1242_1318,0.1695479667723605,0.8304520332276395
2019_1125_1268,0.6259684790323007,0.3740315209676993
2019_1153_1234,0.46531607401030306,0.5346839259896969
2019_1159_1397,0.8790026891380878,0.12099731086191229
2019_1387_1439,0.7754641346976583,0.22453586530234168
2019_1199_1293,0.1263523785242886,0.8736476214757114
2021_1116_1159,0.38344721612271104,0.616552783877289
2021_1196_1439,0.4006772377032979,0.5993227622967021
2021_1437_1457,0.3624576588605579,0.6375423411394421
2021_1140_1417,0.546804993518251,0.45319500648174904
2021_1116_1403,0.5411621499535606,0.4588378500464394
2021_1329_1333,0.21188752245878384,0.7881124775412162
2021_1234_1332,0.24687233197914082,0.7531276680208592
2021_1101_1417,0.7961394475298014,0.20386055247019863
2021_1124_1437,0.31879507862891177,0.6812049213710882
2021_1166_1211,0.6738667127385461,0.32613328726145385
2021_1116_1124,0.5928905031387663,0.4071094968612336
2021_1211_1425,0.1452952338789989,0.8547047661210011
2021_1124_1222,0.488999365249159,0.511000634750841
2003_1141_1166,0.7001223438575216,0.2998776561424784
2003_1228_1443,0.28510574461312443,0.7148942553868756
2003_1104_1231,0.7297991917555289,0.27020080824447107
2003_1266_1338,0.6443037630405704,0.3556962369594297
2003_1120_1393,0.674227255089221,0.32577274491077896
2003_1112_1242,0.7090477066917253,0.29095229330827466
2003_1246_1266,0.33177925766050065,0.6682207423394994
2004_1163_1436,0.15591261985761684,0.8440873801423832
2004_1314_1400,0.6880249862017075,0.3119750137982925
2004_1386_1448,0.4291015954821037,0.5708984045178963
2004_1242_1412,0.2773263985519222,0.7226736014480778
2005_1166_1452,0.5042938089972061,0.4957061910027939
2005_1196_1325,0.5219299244314617,0.4780700755685383
2005_1280_1390,0.6631441374401207,0.3368558625598793
2005_1235_1314,0.8024773032227596,0.19752269677724044
2005_1228_1454,0.10706428793635192,0.8929357120636481
2005_1246_1428,0.2228823000562039,0.7771176999437961
2006_1130_1334,0.419841334929705,0.580158665070295
2006_1211_1462,0.24295827735703124,0.7570417226429688
2006_1429_1449,0.6885721593696004,0.3114278406303997
2006_1293_1314,0.782946500248058,0.21705349975194205
2006_1335_1400,0.8491856553588061,0.15081434464119395
2006_1181_1203,0.23276649933805638,0.7672335006619436
2006_1196_1454,0.17898810961216505,0.821011890387835
2006_1397_1455,0.3860626978114041,0.6139373021885959
2006_1112_1437,0.6019329059410362,0.3980670940589638
2006_1133_1272,0.9378406062328568,0.06215939376714322
2006_1211_1417,0.7052244655108544,0.29477553448914556
2006_1130_1437,0.6259795738851025,0.3740204261148975
2006_1261_1400,0.6646919551468873,0.3353080448531127
2007_1266_1277,0.3932747035067016,0.6067252964932984
2007_1140_1462,0.5690878463470458,0.4309121536529542
2007_1242_1310,0.206216219945218,0.793783780054782
2007_1166_1305,0.5134445304654623,0.48655546953453765
2007_1221_1356,0.8147734310084358,0.1852265689915642
2007_1130_1207,0.7092319240060129,0.29076807599398713
2007_1326_1462,0.15525175549788173,0.8447482445021183
2008_1243_1425,0.7604487871442636,0.23955121285573644
2008_1206_1323,0.5579628075822292,0.44203719241777084
2008_1331_1338,0.7964917591899601,0.20350824081003988
2008_1116_1231,0.6097073861586422,0.3902926138413578
2008_1272_1426,0.3174728624787009,0.6825271375212991
2008_1163_1360,0.26582868581026686,0.7341713141897331
2008_1122_1400,0.8955012058667589,0.1044987941332411
2008_1323_1450,0.46206924266214067,0.5379307573378593
2008_1243_1458,0.6975096845853883,0.30249031541461174
2008_1345_1462,0.6435675811580435,0.3564324188419565
2008_1257_1328,0.4363564473154996,0.5636435526845004
2008_1417_1443,0.13990742244849386,0.8600925775515061
2008_1452_1462,0.6797836466475722,0.3202163533524278
2008_1242_1437,0.25577262784825805,0.744227372151742
2008_1172_1242,0.8216415386372506,0.17835846136274935
2008_1272_1400,0.5577209168975371,0.4422790831024629
2008_1242_1314,0.4397172984225055,0.5602827015774945
2009_1190_1338,0.9087528222338088,0.09124717776619122
2009_1130_1425,0.40347157120869126,0.5965284287913087
2009_1199_1458,0.41470447903912344,0.5852955209608766
2009_1277_1425,0.42016256955456954,0.5798374304454305
2009_1112_1257,0.8461943767487625,0.1538056232512375
2010_1293_1435,0.734999758045231,0.26500024195476896
2010_1207_1325,0.22403938654347033,0.7759606134565297
2010_1449_1452,0.7672737652378705,0.23272623476212956
2011_1155_1412,0.6125663450408269,0.38743365495917315
2011_1228_1242,0.626299730224736,0.37370026977526405
2012_1211_1452,0.41290701488815984,0.5870929851118402
2012_1259_1326,0.9101185040393887,0.0898814959606113
2012_1196_1438,0.4313793741211551,0.5686206258788449
2012_1178_1242,0.924256160586074,0.07574383941392598
2012_1196_1313,0.2709644080315029,0.7290355919684971
2012_1325_1378,0.6419623530452886,0.3580376469547114
2012_1242_1301,0.22900555809393486,0.7709944419060651
2012_1242_1326,0.4629599463503674,0.5370400536496326
2013_1251_1299,0.609157708393653,0.3908422916063469
2013_1161_1281,0.4767947325868276,0.5232052674131724
2013_1277_1434,0.10436848268710541,0.8956315173128946
2013_1160_1228,0.6920239460303891,0.3079760539696109
2013_1242_1443,0.09823001816230315,0.9017699818376969
2013_1166_1181,0.7202229432759042,0.27977705672409575
2013_1196_1276,0.3815583096215205,0.6184416903784795
2014_1163_1386,0.5617715857809504,0.4382284142190496
2014_1112_1451,0.11346686690593877,0.8865331330940612
2014_1184_1242,0.9344038921407463,0.06559610785925372
2014_1173_1390,0.6752649058410158,0.3247350941589841
2014_1196_1417,0.21810131500515206,0.7818986849948479
2015_1112_1411,0.10639123926240568,0.8936087607375943
2015_1186_1207,0.7765149552041313,0.22348504479586867
2015_1173_1344,0.6719734517254973,0.3280265482745027
2015_1211_1234,0.2959995853845192,0.7040004146154808
2015_1277_1438,0.6204077582497358,0.37959224175026424
2015_1246_1458,0.43631208430774526,0.5636879156922547
2016_1160_1163,0.6047614505237735,0.39523854947622644
2016_1211_1371,0.5596615633376134,0.4403384366623866
2016_1138_1274,0.9321240163196628,0.06787598368033722
2016_1167_1328,0.8733761189259879,0.12662388107401212
2016_1292_1393,0.6123472189265944,0.3876527810734057
2016_1314_1393,0.13407699287118102,0.865923007128819
2017_1190_1196,0.8319676922308432,0.16803230776915673
2017_1345_1436,0.33827886634622695,0.661721133653773
2017_1181_1407,0.28727314851790864,0.7127268514820914
2017_1245_1417,0.9129329583108344,0.08706704168916553
2017_1181_1376,0.5308139541265249,0.4691860458734752
2018_1382_1417,0.7732361256186803,0.2267638743813197
2018_1276_1285,0.1552347236799011,0.8447652763200989
2018_1153_1209,0.16228697244140866,0.8377130275585913
2018_1252_1314,0.9497570647404383,0.05024293525956172
2018_1314_1401,0.2017557728414,0.7982442271586
2018_1242_1437,0.6611063426281703,0.33889365737182975
2019_1120_1308,0.5325086099745934,0.46749139002540663
2019_1371_1459,0.6277226324706302,0.3722773675293698
2019_1233_1314,0.903302627755827,0.09669737224417295
2019_1199_1211,0.675576656607521,0.3244233433924791
2019_1345_1397,0.7080674480759062,0.29193255192409384
2021_1179_1455,0.5856253019114731,0.4143746980885269
2021_1251_1329,0.6676513082702171,0.3323486917297829
2021_1222_1353,0.34385846084599603,0.656141539154004
2021_1222_1393,0.30829646274569433,0.6917035372543057
2021_1332_1425,0.5827891280322788,0.4172108719677212
2021_1276_1417,0.3633206519355734,0.6366793480644266
2003_1242_1429,0.27885002066599507,0.7211499793340049
2003_1228_1323,0.5157295166676018,0.4842704833323982
2003_1268_1462,0.666699800722296,0.3333001992777041
2003_1345_1400,0.6202125342575535,0.3797874657424465
2003_1242_1266,0.5558653153602583,0.4441346846397417
2004_1173_1177,0.6181865883295867,0.38181341167041327
2004_1301_1418,0.3406586806016605,0.6593413193983395
2004_1338_1416,0.26635476558107496,0.733645234418925
2004_1246_1412,0.38541707614796616,0.6145829238520338
2004_1280_1462,0.3124311384833631,0.6875688615166369
2004_1210_1329,0.49083977727557493,0.5091602227244251
2004_1163_1210,0.5842510225428956,0.4157489774571043
2005_1211_1457,0.17512022910349834,0.8248797708965017
2005_1428_1431,0.3910754972427499,0.6089245027572501
2005_1203_1210,0.649679691675395,0.35032030832460503
2005_1277_1330,0.33979767232318625,0.6602023276768137
2005_1320_1458,0.5294207509585915,0.4705792490414084
2005_1328_1428,0.23417392087074762,0.7658260791292524
2006_1246_1412,0.6018779860439929,0.39812201395600705
2006_1245_1338,0.5068711551235391,0.4931288448764609
2006_1133_1338,0.8030021271769725,0.19699787282302747
2006_1207_1326,0.7081672772276286,0.2918327227723713
2006_1206_1455,0.5541325202227567,0.4458674797772432
2007_1246_1437,0.5829142826115334,0.41708571738846656
2007_1228_1439,0.6182510239640249,0.38174897603597513
2007_1394_1458,0.8845002782420781,0.11549972175792185
2007_1139_1268,0.41522192433736693,0.5847780756626331
2007_1277_1314,0.7957767788558823,0.20422322114411778
2007_1231_1417,0.6587734845704407,0.3412265154295593
2007_1435_1450,0.7509463932220987,0.24905360677790137
2007_1139_1196,0.5155975707626514,0.4844024292373485
2008_1168_1458,0.9429627962390562,0.05703720376094384
2008_1272_1417,0.6354746228726023,0.3645253771273977
2009_1106_1287,0.6339825794430165,0.36601742055698344
2009_1103_1211,0.79612876658066,0.20387123341933994
2009_1169_1272,0.8788313323544649,0.1211686676455351
2009_1140_1401,0.48714400561023297,0.512855994389767
2009_1228_1443,0.29051029819360363,0.7094897018063964
2009_1173_1452,0.671033441303059,0.3289665586969411
2009_1165_1281,0.9287739820122238,0.07122601798777611
2009_1340_1462,0.7088925017015284,0.29110749829847155
2010_1140_1196,0.41444544023429597,0.585554559765704
2010_1143_1257,0.502965146413838,0.49703485358616195
2010_1199_1211,0.5289995306332607,0.4710004693667393
2010_1222_1268,0.8666406984543458,0.13335930154565429
2010_1345_1373,0.16569397322279789,0.8343060267772021
2010_1278_1462,0.6730558145056975,0.3269441854943025
2010_1307_1449,0.28613580218255985,0.7138641978174401
2010_1165_1458,0.674719251054718,0.3252807489452821
2010_1210_1326,0.6894308463971077,0.31056915360289233
2010_1243_1462,0.41592484454724343,0.5840751554527566
2010_1139_1181,0.5970102483298414,0.40298975167015855
2011_1294_1361,0.8883209296888281,0.11167907031117183
2011_1181_1214,0.08557639756120716,0.9144236024387928
2011_1345_1389,0.15552892998668388,0.8444710700133161
2011_1208_1449,0.6000913843892499,0.39990861561075003
2011_1181_1276,0.17985160593520677,0.8201483940647932
2011_1139_1458,0.6223067754916505,0.3776932245083495
2011_1140_1196,0.6238326881164474,0.37616731188355257
2011_1242_1350,0.09763399143834317,0.9023660085616568
2011_1242_1433,0.20955997193101528,0.7904400280689847
2012_1124_1355,0.22542872167309225,0.7745712783269078
2012_1163_1235,0.4751105815915687,0.5248894184084313
2012_1285_1458,0.7330720239541666,0.26692797604583335
2012_1272_1387,0.537187752225735,0.462812247774265
2012_1153_1326,0.6579706005910528,0.3420293994089471
2013_1308_1387,0.684145722560644,0.315854277439356
2013_1285_1393,0.8052267971489508,0.19477320285104915
2013_1231_1241,0.12141140627510583,0.8785885937248942
2013_1231_1396,0.17141860527226926,0.8285813947277307
2013_1242_1314,0.12928337964796255,0.8707166203520375
2013_1242_1276,0.25224571701234144,0.7477542829876586
2014_1107_1291,0.6551555593240513,0.34484444067594866
2014_1107_1196,0.902561934253063,0.09743806574693707
2014_1276_1459,0.1460577284503929,0.8539422715496071
2014_1174_1277,0.8263901698966067,0.17360983010339323
2014_1124_1304,0.338024673701142,0.661975326298858
2014_1243_1246,0.3543450114697878,0.6456549885302122
2014_1181_1273,0.24063246378597203,0.759367536214028
2014_1246_1257,0.4480591875223199,0.5519408124776801
2014_1163_1277,0.6518223988051115,0.34817760119488844
2015_1316_1352,0.6760531690642285,0.3239468309357715
2015_1318_1323,0.7348311161768386,0.26516888382316145
2015_1231_1455,0.7122921077044032,0.2877078922955968
2015_1257_1320,0.529122567678236,0.47087743232176404
2015_1257_1301,0.3632532479457533,0.6367467520542467
2015_1181_1211,0.6396946340118546,0.36030536598814544
2016_1192_1195,0.6506674178117616,0.34933258218823837
2016_1181_1423,0.18116985621290305,0.818830143787097
2016_1233_1235,0.8314678304595422,0.16853216954045783
2016_1143_1218,0.2353667624762329,0.7646332375237671
2016_1372_1452,0.709049909204541,0.29095009079545897
2016_1173_1393,0.4321596554715219,0.5678403445284781
2016_1421_1437,0.8744672217423237,0.12553277825767625
2016_1338_1458,0.5257839943316336,0.4742160056683664
2016_1114_1235,0.6151008487304478,0.3848991512695522
2016_1139_1438,0.6149719694723348,0.38502803052766527
2016_1328_1401,0.4646352679429637,0.5353647320570363
2017_1112_1315,0.21147759627649465,0.7885224037235053
2017_1139_1457,0.20077852852248557,0.7992214714775144
2017_1139_1292,0.2403683465496651,0.7596316534503349
2017_1196_1458,0.31387903918838034,0.6861209608116197
2017_1246_1417,0.6489366091922972,0.35106339080770277
2017_1314_1332,0.5711580896289824,0.4288419103710176
2018_1113_1393,0.5303596700883118,0.46964032991168825
2018_1397_1460,0.1314797494426937,0.8685202505573063
2018_1211_1326,0.4846495630651617,0.5153504369348383
2018_1243_1246,0.4787529044582779,0.5212470955417221
2019_1261_1463,0.17643966388289334,0.8235603361171067
2019_1209_1222,0.9274914559499892,0.0725085440500108
2019_1124_1211,0.7405721427403897,0.2594278572596102
2019_1314_1449,0.11873399205560231,0.8812660079443977
2021_1111_1313,0.5667035249730895,0.4332964750269105
2021_1180_1228,0.9277308042111031,0.07226919578889694
2021_1287_1452,0.9119304653146374,0.0880695346853626
2021_1276_1411,0.14233289209145095,0.857667107908549
2021_1124_1458,0.16161721181491207,0.8383827881850879
2021_1196_1331,0.3895081113657407,0.6104918886342593
2003_1113_1272,0.6391758087986446,0.3608241912013555
2003_1161_1181,0.9405559944508791,0.059444005549120923
2003_1451_1458,0.7410659436020768,0.2589340563979233
2003_1139_1280,0.4814751509402214,0.5185248490597786
2003_1122_1257,0.8441948760818816,0.15580512391811846
2003_1141_1181,0.6697761301819816,0.3302238698180185
2003_1196_1277,0.2915658045249855,0.7084341954750145
2003_1181_1242,0.7656931754557762,0.2343068245442238
2004_1112_1371,0.5675464974712783,0.4324535025287217
2004_1251_1386,0.9235490577868151,0.07645094221318496
2004_1390_1427,0.007751005366493757,0.9922489946335062
2004_1228_1293,0.12989887812788659,0.8701011218721134
2004_1211_1305,0.45269183949579384,0.5473081605042062
2004_1301_1435,0.17544739417016553,0.8245526058298345
2004_1329_1338,0.6544301216562946,0.34556987834370545
2005_1334_1338,0.6774654898675454,0.3225345101324546
2005_1403_1417,0.12447944060844651,0.8755205593915535
2005_1112_1329,0.5177790401581672,0.48222095984183283
2005_1314_1437,0.17599737044102526,0.8240026295589747
2005_1277_1314,0.9074007636354776,0.09259923636452239
2006_1104_1266,0.705316701992714,0.294683298007286
2006_1133_1242,0.839512217122317,0.160487782877683
2006_1172_1326,0.971599347526998,0.028400652473002018
2006_1356_1452,0.666970279265569,0.333029720734431
2006_1261_1401,0.4208089185408833,0.5791910814591167
2006_1163_1449,0.06954336069416622,0.9304566393058338
2006_1196_1437,0.8628702875774265,0.13712971242257355
2007_1331_1450,0.9583577529488329,0.041642247051167154
2007_1308_1400,0.7563507843933643,0.24364921560663572
2007_1272_1305,0.4398734907003271,0.5601265092996729
2007_1242_1356,0.32812842267516074,0.6718715773248393
2008_1125_1181,0.9568559142469949,0.04314408575300512
2008_1245_1424,0.34823788875897377,0.6517621112410262
2008_1155_1437,0.16706297285123428,0.8329370271487657
2008_1139_1397,0.8134611791773576,0.18653882082264234
2009_1143_1268,0.4849828464716561,0.5150171535283439
2009_1242_1295,0.09119683388319888,0.9088031661168011
2009_1326_1373,0.7153092576572604,0.28469074234273967
2009_1345_1449,0.6367326354323948,0.3632673645676053
2009_1417_1437,0.8344589692869979,0.1655410307130021
2009_1242_1277,0.6076428263516982,0.39235717364830186
2009_1338_1437,0.45056945453155606,0.5494305454684439
2010_1139_1431,0.5874921068947514,0.41250789310524866
2010_1326_1364,0.09716621465554232,0.9028337853444577
2010_1242_1320,0.29084086718424695,0.709159132815753
2010_1143_1181,0.8444894963046473,0.15551050369535271
2011_1106_1427,0.6725768913609297,0.3274231086390703
2011_1206_1437,0.4096982218546137,0.5903017781453863
2011_1228_1424,0.3889991092267422,0.6110008907732578
2011_1266_1462,0.5535892216225362,0.4464107783774638
2011_1207_1433,0.29668837027491624,0.7033116297250838
2011_1243_1458,0.6170370870443143,0.3829629129556857
2011_1163_1361,0.5776297894752508,0.4223702105247492
2011_1266_1314,0.8671993745540649,0.13280062544593513
2011_1112_1163,0.6904358797928901,0.3095641202071099
2011_1163_1246,0.2469355085434074,0.7530644914565926
2012_1231_1433,0.1078700120281918,0.8921299879718082
2012_1250_1462,0.7676190810573292,0.23238091894267077
2012_1196_1266,0.606386683343378,0.393613316656622
2013_1129_1247,0.4510677301823046,0.5489322698176954
2013_1217_1307,0.8451676863170328,0.1548323136829672
2013_1196_1322,0.12076735609833211,0.8792326439016679
2013_1143_1393,0.5625786757095161,0.43742132429048386
2014_1173_1326,0.43609986707641457,0.5639001329235854
2014_1301_1387,0.5290509296137456,0.47094907038625444
2014_1393_1444,0.030121105038231177,0.9698788949617688
2014_1437_1454,0.017598999711479935,0.9824010002885201
2014_1372_1433,0.6428680262165782,0.3571319737834217
2014_1276_1400,0.3223042026391012,0.6776957973608988
2014_1235_1314,0.39119400346643984,0.6088059965335602
2014_1246_1455,0.7536796792866467,0.2463203207133533
2014_1242_1390,0.31900523788295587,0.6809947621170441
2014_1272_1438,0.3168890278728661,0.6831109721271339
2014_1112_1361,0.2694208304980713,0.7305791695019287
2015_1261_1301,0.6489762519688174,0.3510237480311826
2015_1326_1433,0.5301466195135978,0.46985338048640224
2015_1248_1437,0.9833526152139782,0.016647384786021742
2015_1181_1352,0.06831989025577667,0.9316801097442233
2015_1242_1308,0.09181157636703219,0.9081884236329678
2015_1268_1434,0.3088711346954851,0.6911288653045149
2015_1320_1461,0.23498073305790745,0.7650192669420925
2015_1361_1385,0.6801013692629172,0.31989863073708275
2015_1412_1417,0.8875836173090009,0.11241638269099911
2015_1181_1428,0.2613024307817934,0.7386975692182066
2015_1211_1417,0.3348560817919255,0.6651439182080745
2015_1181_1458,0.7468315722274853,0.2531684277725147
2016_1435_1455,0.805212417796416,0.19478758220358408
2016_1221_1380,0.7046962090921964,0.2953037909078036
2016_1114_1345,0.7347336265687086,0.26526637343129145
2016_1151_1231,0.7131686130191381,0.2868313869808619
2016_1214_1438,0.9715900458479252,0.02840995415207485
2016_1323_1372,0.36590282046859324,0.6340971795314068
2016_1274_1437,0.48606757945603885,0.5139324205439612
2016_1328_1332,0.6975600827532633,0.3024399172467367
2016_1242_1437,0.6492296385734001,0.3507703614265999
2017_1344_1425,0.5170161245823702,0.48298387541762977
2017_1274_1277,0.4691652789374883,0.5308347210625117
2017_1233_1332,0.9450924060565757,0.054907593943424274
2017_1166_1348,0.49069279030456314,0.5093072096954369
2017_1116_1314,0.9174648441676432,0.08253515583235688
2018_1254_1347,0.6336807051889812,0.36631929481101877
2018_1211_1422,0.1843167288944716,0.8156832711055284
2018_1120_1158,0.1593737696812667,0.8406262303187333
2018_1166_1243,0.5256780044172473,0.47432199558275273
2018_1138_1246,0.8782523567773858,0.12174764322261418
2018_1120_1155,0.5153328017144017,0.4846671982855984
2018_1243_1420,0.17642830553865796,0.823571694461342
2018_1153_1305,0.636251412223679,0.363748587776321
2019_1133_1277,0.9784036759306709,0.02159632406932911
2019_1257_1278,0.6516183368986868,0.3483816631013132
2019_1416_1433,0.4385640394417438,0.5614359605582562
2019_1196_1276,0.8096593188607518,0.19034068113924815
2019_1277_1278,0.34068350706316575,0.6593164929368343
2019_1234_1397,0.879859842326295,0.120140157673705
2019_1181_1439,0.25115414472623454,0.7488458552737655
2019_1403_1438,0.8903888711861805,0.10961112881381949
2021_1260_1333,0.5583635366400999,0.4416364633599001
2021_1222_1333,0.6013831187232915,0.39861688127670847
2003_1173_1409,0.17092675023094184,0.8290732497690582
2003_1120_1386,0.6127397526272094,0.38726024737279063
2003_1196_1358,0.11230416763345741,0.8876958323665426
2003_1329_1335,0.3847902067133826,0.6152097932866174
2003_1112_1211,0.15198548318925775,0.8480145168107422
2003_1329_1393,0.7342319995547832,0.26576800044521676
2003_1112_1323,0.2790909070307528,0.7209090929692472
2004_1104_1356,0.5191558877942333,0.48084411220576667
2004_1181_1371,0.10052679569300405,0.899473204306996
2004_1181_1228,0.17681565473677374,0.8231843452632263
2005_1105_1324,0.5612869139819523,0.43871308601804776
2005_1151_1448,0.8674052693172001,0.13259473068279995
2005_1175_1181,0.9199338224548994,0.0800661775451006
2005_1393_1436,0.2246318234225262,0.7753681765774738
2005_1112_1412,0.33333542928081983,0.6666645707191802
2005_1137_1458,0.801174098821239,0.19882590117876095
2005_1301_1458,0.6248343833712321,0.3751656166287679
2006_1214_1284,0.6829264543872637,0.3170735456127363
2006_1231_1361,0.42351885552945834,0.5764811444705417
2006_1285_1305,0.7324565564165975,0.2675434435834025
2006_1328_1454,0.56457124955643,0.43542875044357
2006_1206_1277,0.4840562106199333,0.5159437893800667
2006_1228_1449,0.5292741287335934,0.4707258712664066
2006_1196_1206,0.21732533386512098,0.782674666134879
2007_1172_1268,0.8414326840489564,0.15856731595104354
2007_1275_1332,0.8053448393812717,0.19465516061872837
2007_1196_1345,0.17743699420326398,0.822563005796736
2007_1424_1458,0.8032073352186577,0.19679266478134222
2007_1400_1425,0.3413515878502882,0.6586484121497118
2007_1332_1424,0.3249723053662227,0.6750276946337773
2007_1196_1332,0.4602411391713529,0.5397588608286471
2008_1246_1266,0.6289860724585963,0.3710139275414037
2008_1179_1443,0.2797450860483962,0.7202549139516038
2008_1116_1314,0.8384997912955614,0.16150020870443857
2009_1288_1328,0.9427651697362274,0.05723483026377259
2009_1110_1437,0.9467303699137446,0.053269630086255376
2009_1113_1396,0.44162002654556565,0.5583799734544344
2009_1156_1448,0.7780160449741217,0.22198395502587834
2009_1372_1393,0.8343534592710371,0.16564654072896287
2009_1163_1401,0.1327650978026046,0.8672349021973954
2009_1268_1272,0.7272195993123541,0.27278040068764586
2009_1276_1328,0.7723375141750974,0.2276624858249025
2009_1328_1393,0.49853842554072203,0.501461574459278
2010_1266_1449,0.5109873613554643,0.48901263864453565
2010_1288_1452,0.9270049326081226,0.0729950673918774
2010_1458_1459,0.15091358562435564,0.8490864143756444
2010_1388_1437,0.6264866692022341,0.37351333079776594
2010_1268_1277,0.4993190782732153,0.5006809217267847
2010_1211_1393,0.6209187795726525,0.37908122042734754
2010_1326_1397,0.26508729821266375,0.7349127017873363
2010_1139_1277,0.5921163850994435,0.4078836149005564
2011_1153_1281,0.3394405564973434,0.6605594435026566
2011_1246_1343,0.2660222010091985,0.7339777989908015
2011_1336_1396,0.6093659485054852,0.3906340514945148
2011_1196_1417,0.21979784373940592,0.7802021562605941
2011_1246_1452,0.435873978200622,0.564126021799378
2011_1287_1350,0.6484331098806095,0.3515668901193905
2011_1314_1449,0.194389489170816,0.805610510829184
2012_1217_1435,0.7019904784950501,0.29800952150494986
2012_1276_1325,0.23249862996838977,0.7675013700316102
2012_1211_1326,0.7181605934344525,0.2818394065655475
2013_1211_1380,0.0688050794676196,0.9311949205323804
2013_1172_1266,0.881145896262944,0.11885410373705592
2013_1338_1455,0.5644394288171528,0.43556057118284713
2013_1278_1417,0.7063091835581499,0.29369081644185013
2013_1301_1396,0.6414394847655657,0.35856051523443433
2013_1272_1277,0.6087019864926817,0.3912980135073183
2013_1196_1278,0.31269846841741733,0.6873015315825827
2014_1142_1411,0.6300327041671419,0.3699672958328581
2014_1160_1338,0.5765072182126741,0.42349278178732586
2014_1203_1272,0.4739163452881042,0.5260836547118958
2014_1409_1417,0.7883800160045698,0.21161998399543025
2014_1196_1338,0.2999002952910754,0.7000997047089246
2015_1116_1459,0.1853348934455814,0.8146651065544186
2015_1217_1314,0.8504684731017779,0.14953152689822213
2015_1374_1417,0.3144337438946695,0.6855662561053305
2015_1181_1361,0.1207485556124327,0.8792514443875673
2015_1173_1328,0.7606190452288999,0.23938095477110008
2015_1323_1455,0.3347654982104925,0.6652345017895075
2015_1246_1323,0.4346300101212579,0.5653699898787421
2015_1257_1277,0.3633152563636646,0.6366847436363354
2016_1246_1392,0.10520854581433658,0.8947914541856634
2016_1201_1428,0.9187837857717897,0.08121621422821039
2016_1124_1463,0.2828625576777174,0.7171374423222826
2016_1401_1453,0.10019911087919076,0.8998008891208092
2016_1211_1428,0.7273883872964592,0.27261161270354084
2016_1332_1386,0.19535468846785176,0.8046453115321482
2016_1181_1332,0.7865954396650094,0.21340456033499053
2016_1323_1458,0.39867288238996457,0.6013271176100354
2016_1393_1438,0.5960937031506235,0.40390629684937646
2017_1243_1448,0.586241570757436,0.41375842924256395
2017_1195_1199,0.9342997668058054,0.06570023319419463
2017_1439_1458,0.5403352962443878,0.4596647037556122
2017_1112_1388,0.4947421306120976,0.5052578693879024
2017_1235_1345,0.563894238859511,0.4361057611404891
2017_1257_1276,0.21810254069821078,0.7818974593017892
2017_1124_1376,0.30872753515006535,0.6912724648499347
2018_1196_1382,0.38137428787763183,0.6186257121223682
2018_1222_1361,0.36856596153663734,0.6314340384633627
2018_1260_1274,0.622769764481612,0.37723023551838797
2018_1347_1437,0.9261951597071852,0.07380484029281476
2018_1137_1277,0.9141861734040646,0.08581382659593537
2018_1222_1276,0.6617846294123427,0.33821537058765727
2018_1196_1403,0.7062567006526701,0.2937432993473299
2018_1277_1393,0.457857466973966,0.542142533026034
2018_1276_1401,0.3211165910275732,0.6788834089724268
2019_1196_1305,0.7069874902538744,0.2930125097461255
2019_1388_1437,0.5224874077946209,0.47751259220537917
2019_1181_1295,0.1329307514787753,0.8670692485212247
2019_1205_1438,0.9251527197130232,0.07484728028697683
2019_1261_1268,0.5075557632506809,0.4924442367493191
2019_1328_1438,0.7185557204337734,0.2814442795662267
2019_1120_1314,0.7276685274165406,0.2723314725834594
2019_1120_1246,0.49382511485606784,0.5061748851439322
2021_1155_1353,0.4639070561451196,0.5360929438548804
2021_1403_1429,0.4155124530014499,0.5844875469985501
2021_1314_1458,0.4384057296630536,0.5615942703369464
2021_1325_1438,0.8671380522443907,0.13286194775560933
2003_1328_1354,0.08244812913026522,0.9175518708697348
2003_1190_1448,0.8655368668701873,0.13446313312981273
2003_1409_1458,0.6874408492360797,0.3125591507639203
2003_1246_1458,0.4281126662567931,0.5718873337432069
2003_1268_1277,0.5154547856563058,0.48454521434369424
2003_1139_1328,0.8206627776950132,0.17933722230498683
2004_1102_1314,0.5790159335499161,0.42098406645008385
2004_1130_1428,0.3629804964388519,0.6370195035611481
2004_1227_1242,0.7925809372907227,0.20741906270927732
2004_1386_1403,0.3572802093899323,0.6427197906100677
2004_1242_1334,0.2490692755716748,0.7509307244283252
2004_1272_1329,0.6478569885149102,0.35214301148508975
2004_1104_1393,0.5978547315318776,0.4021452684681224
2004_1163_1181,0.5690104053847341,0.43098959461526587
2005_1130_1335,0.15569258788224605,0.844307412117754
2005_1192_1228,0.8012690860604099,0.19873091393959014
2005_1285_1449,0.9113103285472648,0.08868967145273525
2005_1181_1280,0.19305323724304435,0.8069467627569556
2005_1277_1436,0.28695885789542364,0.7130411421045764
2005_1163_1301,0.4285346628892569,0.5714653371107431
2005_1196_1437,0.40264341293557904,0.597356587064421
2005_1181_1277,0.3481941304483185,0.6518058695516815
2005_1314_1458,0.2061949487296152,0.7938050512703848
2006_1203_1423,0.5663187038068196,0.43368129619318035
2006_1233_1261,0.7612487123251703,0.23875128767482964
2006_1371_1455,0.6485111858010445,0.3514888141989555
2006_1272_1331,0.07773180809557934,0.9222681919044207
2006_1206_1314,0.79406424584568,0.20593575415432
2006_1181_1261,0.21737130233623558,0.7826286976637644
2007_1196_1238,0.05135256533944599,0.948647434660554
2007_1116_1425,0.6198555843060698,0.38014441569393026
2007_1272_1401,0.6007615094534571,0.3992384905465429
2007_1338_1417,0.5249172176632708,0.4750827823367292
2007_1242_1417,0.5202075974121867,0.47979240258781325
2008_1208_1462,0.9110539813564622,0.08894601864353777
2008_1172_1211,0.6223015242560013,0.3776984757439988
2008_1274_1400,0.6586692525611855,0.34133074743881453
2008_1360_1443,0.46314116838715413,0.5368588316128459
2008_1417_1462,0.3047419163839641,0.6952580836160359
2009_1155_1276,0.43988826269828896,0.560111737301711
2009_1314_1347,0.07610197358409665,0.9238980264159034
2009_1320_1345,0.6313500017183856,0.3686499982816144
2009_1112_1156,0.5000124215398123,0.49998757846018776
2009_1163_1345,0.1584450462175574,0.8415549537824426
2009_1211_1314,0.7017706266156225,0.2982293733843775
2009_1314_1437,0.5075778031047128,0.4924221968952872
2010_1190_1246,0.9425531647890133,0.057446835210986674
2010_1352_1437,0.6765528978624832,0.3234471021375168
2010_1400_1448,0.5166394866880746,0.4833605133119254
2010_1277_1308,0.39997146010773854,0.6000285398922615
2010_1139_1293,0.49750126646758963,0.5024987335324104
2010_1140_1243,0.6423277538411305,0.35767224615886944
2010_1165_1246,0.825657546402718,0.17434245359728193
2010_1139_1243,0.5597352612673036,0.44026473873269645
2011_1196_1364,0.11885308939254624,0.8811469106074538
2011_1243_1429,0.4571180809128038,0.5428819190871962
2011_1350_1435,0.7111009322270281,0.28889906777297186
2011_1112_1272,0.4983141812884587,0.5016858187115413
2011_1326_1427,0.08972623933619361,0.9102737606638064
2011_1232_1393,0.922027549880883,0.07797245011911698
2012_1143_1378,0.46957228033000353,0.5304277196699965
2012_1231_1308,0.2351547081531803,0.7648452918468197
2012_1281_1313,0.2116112862601882,0.7883887137398118
2012_1243_1393,0.6467977869128312,0.35320221308716887
2012_1277_1387,0.1592506804296644,0.8407493195703356
2012_1196_1257,0.6299361621176583,0.37006383788234165
2012_1246_1257,0.2301811712535199,0.7698188287464801
2013_1257_1299,0.0835144940461846,0.9164855059538154
2013_1276_1355,0.2957357330782199,0.7042642669217801
2013_1107_1181,0.9303556856093321,0.06964431439066787
2013_1279_1458,0.6244651390904643,0.37553486090953575
2013_1139_1266,0.5637949646495255,0.43620503535047456
2013_1231_1393,0.43180935570138257,0.5681906442986174
2014_1295_1328,0.5714822385537297,0.42851776144627024
2014_1157_1438,0.9196992459787557,0.08030075402124424
2014_1246_1458,0.6772999337908896,0.32270006620911046
2015_1140_1279,0.5477921467638159,0.45220785323618407
2015_1214_1246,0.9031682387807629,0.09683176121923713
2015_1125_1438,0.891334422056534,0.10866557794346603
2015_1112_1326,0.39637743339294373,0.6036225666070563
2015_1153_1246,0.6701785924578705,0.32982140754212946
2015_1242_1455,0.34666371490808556,0.6533362850919144
2015_1112_1462,0.42821053749283855,0.5717894625071615
2016_1276_1409,0.562293957370793,0.4377060426292069
2016_1112_1455,0.3431068315166329,0.6568931684833671
2016_1274_1455,0.26998126067927186,0.7300187393207281
2016_1328_1433,0.33683975512050557,0.6631602448794944
2016_1234_1437,0.6427111182045919,0.357288881795408
2016_1231_1314,0.7044729452075996,0.2955270547924004
2017_1300_1413,0.47063034145423155,0.5293696585457685
2017_1278_1292,0.2995051321053541,0.7004948678946459
2017_1323_1343,0.39454966272035963,0.6054503372796404
2017_1268_1462,0.3234273301907815,0.6765726698092185
2017_1116_1371,0.46310839740640364,0.5368916025935964
2017_1242_1413,0.05853451371235152,0.9414654862876485
2017_1246_1297,0.13479708958233083,0.8652029104176692
2017_1211_1321,0.2165604051716552,0.7834395948283448
2017_1153_1417,0.7618884033522872,0.23811159664771273
2017_1211_1452,0.25225515987842384,0.7477448401215762
2017_1139_1314,0.6305315545428781,0.3694684454571219
2018_1168_1345,0.8991910499451106,0.10080895005488949
2018_1420_1438,0.8723820870937358,0.1276179129062642
2018_1260_1397,0.6397065347378594,0.3602934652621405
2018_1104_1437,0.7127750373788383,0.2872249626211617
2019_1295_1300,0.658933182787715,0.341066817212285
2019_1101_1246,0.9374667076252583,0.06253329237474176
2019_1276_1285,0.1339310898171111,0.8660689101828889
2019_1113_1138,0.6351679228183882,0.36483207718161176
2019_1279_1328,0.6505062405372454,0.3494937594627546
2019_1243_1414,0.3435644132956096,0.6564355867043904
2019_1246_1459,0.33965244702118547,0.6603475529788145
2019_1332_1438,0.7898003997216637,0.21019960027833626
2019_1345_1438,0.6496378606246651,0.35036213937533484
2021_1261_1382,0.6016504378938488,0.3983495621061513
2021_1179_1425,0.6596985142607201,0.3403014857392798
2021_1261_1276,0.5998724245530381,0.40012757544696187
2021_1116_1331,0.18969601190527163,0.8103039880947284
2021_1211_1417,0.2168155443161739,0.7831844556838261
2003_1411_1421,0.5918727686257628,0.40812723137423723
2003_1360_1390,0.8067529938455233,0.19324700615447668
2003_1237_1246,0.913357698449827,0.08664230155017302
2003_1160_1277,0.6373656319128165,0.3626343680871835
2003_1264_1393,0.9387467135813139,0.06125328641868606
2003_1277_1400,0.7096150588388158,0.2903849411611842
2004_1196_1264,0.3128959368451607,0.6871040631548393
2004_1140_1393,0.6634987626616264,0.3365012373383736
2004_1268_1393,0.5459515605307099,0.4540484394692901
2004_1329_1386,0.4113573795972939,0.5886426204027061
2004_1210_1242,0.6041301928376187,0.3958698071623813
2005_1112_1429,0.18522461638866583,0.8147753836113342
2005_1305_1400,0.46802965336101643,0.5319703466389836
2005_1310_1328,0.8807354513291216,0.11926454867087839
2005_1163_1416,0.1539244106264238,0.8460755893735762
2005_1307_1437,0.6289485056963542,0.37105149430364587
2005_1228_1305,0.19658276983973977,0.8034172301602602
2005_1334_1449,0.7398831025818903,0.2601168974181097
2005_1448_1452,0.3746832927156176,0.6253167072843824
2005_1329_1356,0.3106547221710848,0.6893452778289152
2005_1257_1452,0.4709923601522811,0.5290076398477189
2006_1102_1228,0.6598548954229311,0.340145104577069
2006_1112_1458,0.6470828548999763,0.3529171451000237
2006_1163_1246,0.188821471362973,0.811178528637027
2006_1137_1272,0.6808431367498888,0.3191568632501112
2006_1301_1400,0.5827641627022573,0.4172358372977428
2006_1322_1452,0.6836604553442092,0.3163395446557909
2006_1261_1417,0.4981452435481911,0.5018547564518089
2007_1197_1310,0.51421487988325,0.48578512011674996
2007_1338_1460,0.06617442296646991,0.9338255770335301
2007_1272_1317,0.17740926456332962,0.8225907354366704
2007_1253_1397,0.7737113577367423,0.22628864226325776
2007_1326_1397,0.2941321256024697,0.7058678743975303
2007_1196_1417,0.3162727418068988,0.6837272581931012
2008_1242_1340,0.26198622319468345,0.7380137768053165
2008_1290_1417,0.9115365830230054,0.08846341697699453
2008_1450_1457,0.15440717511729762,0.8455928248827024
2008_1129_1257,0.8439655064326308,0.15603449356736923
2009_1127_1181,0.900461068748303,0.09953893125169702
2009_1417_1433,0.5324470412234333,0.46755295877656666
2009_1181_1400,0.297848827011747,0.702151172988253
2009_1338_1462,0.3643857329206638,0.6356142670793362
2009_1257_1277,0.5331079022530426,0.4668920977469574
2009_1314_1328,0.49744032676897654,0.5025596732310235
2010_1320_1424,0.5435374026048763,0.4564625973951237
2010_1165_1396,0.707251687132647,0.29274831286735303
2010_1115_1181,0.9500065524521333,0.049993447547866755
2010_1324_1338,0.9415928531283201,0.05840714687167989
2011_1425_1433,0.6622661448767758,0.3377338551232242
2011_1137_1163,0.9338149192033515,0.06618508079664856
2011_1277_1417,0.6080539564951797,0.39194604350482026
2011_1139_1338,0.7204460576894913,0.2795539423105087
2011_1140_1211,0.3086541998091846,0.6913458001908154
2011_1153_1163,0.6033943359829357,0.3966056640170644
2011_1206_1326,0.7006075581818207,0.2993924418181792
2012_1243_1379,0.4862492122313964,0.5137507877686036
2012_1153_1400,0.3660377895924187,0.6339622104075813
2012_1254_1277,0.9360351574562716,0.0639648425437284
2012_1153_1199,0.6547361483493794,0.34526385165062057
2012_1242_1345,0.3464424067330383,0.6535575932669617
2012_1242_1246,0.4972863228932295,0.5027136771067705
2013_1329_1332,0.24976942289060533,0.7502305771093947
2013_1235_1323,0.7037782410811002,0.29622175891889974
2013_1233_1326,0.94306990360166,0.056930096398340034
2013_1112_1217,0.2992024887541499,0.7007975112458501
2013_1247_1455,0.7381910540353829,0.26180894596461707
2013_1276_1393,0.5226966164849207,0.4773033835150792
2014_1163_1437,0.5481696646950568,0.4518303353049432
2014_1257_1387,0.677200316855529,0.3227996831444711
2014_1332_1458,0.659174132285685,0.34082586771431506
2014_1124_1458,0.6863546595589836,0.31364534044101644
2015_1235_1412,0.0968624083408417,0.9031375916591583
2015_1207_1428,0.40793556644637063,0.5920644335536294
2015_1209_1462,0.6979345581475515,0.30206544185244855
2015_1268_1452,0.5688122061839611,0.4311877938160389
2015_1314_1458,0.5888465363669244,0.41115346363307564
2016_1139_1403,0.5463376213481788,0.45366237865182124
2016_1195_1314,0.7685913539713456,0.2314086460286544
2016_1234_1396,0.542450655329861,0.45754934467013897
2016_1268_1355,0.3129751995151332,0.6870248004848668
2016_1276_1323,0.6194864372322346,0.3805135627677653
2016_1153_1386,0.6460550195855509,0.3539449804144491
2016_1451_1462,0.9305647240452515,0.06943527595474851
2016_1181_1463,0.24713785511135578,0.7528621448886442
2016_1231_1246,0.5744164054479102,0.42558359455208983
2016_1218_1268,0.7188760600455408,0.2811239399544592
2017_1291_1309,0.49003051181641566,0.5099694881835843
2017_1137_1452,0.8582322652348013,0.14176773476519872
2017_1314_1411,0.051821252890857816,0.9481787471091422
2017_1173_1455,0.4321570343568184,0.5678429656431816
2017_1196_1438,0.3514941510637454,0.6485058489362546
2017_1246_1455,0.31747242140440224,0.6825275785955978
2018_1155_1308,0.22498280956417316,0.7750171904358268
2018_1242_1371,0.4480132660521986,0.5519867339478014
2018_1199_1211,0.6757635244884825,0.32423647551151746
2018_1260_1305,0.6283146960447693,0.3716853039552307
2018_1345_1403,0.5185698483361489,0.48143015166385106
2018_1199_1276,0.7602148400698666,0.23978515993013338
2019_1192_1211,0.9286430617065418,0.0713569382934582
2019_1266_1293,0.24146248099746204,0.758537519002538
2019_1251_1280,0.6176491236628265,0.38235087633717346
2019_1120_1242,0.6122530028141693,0.3877469971858307
2019_1181_1416,0.3009821173980789,0.6990178826019211
2019_1332_1414,0.5458610746431825,0.4541389253568175
2019_1138_1403,0.6919626510214911,0.3080373489785089
2019_1276_1403,0.5882469076628125,0.4117530923371875
2019_1261_1277,0.47949401317195417,0.5205059868280458
2021_1124_1216,0.12896634479598323,0.8710336552040168
2021_1361_1393,0.25941350495715365,0.7405864950428463
2021_1101_1400,0.8172490223121343,0.18275097768786572
2021_1104_1233,0.16204410141437087,0.8379558985856291
2021_1166_1364,0.4602228199093469,0.5397771800906531
2021_1186_1242,0.9309203446208317,0.06907965537916824
2021_1163_1268,0.49602570960896963,0.5039742903910304
2021_1228_1260,0.3234189378230613,0.6765810621769387
2021_1393_1452,0.5981734148809701,0.4018265851190299
2021_1166_1325,0.25762674614227554,0.7423732538577245
2021_1211_1328,0.1667946016104377,0.8332053983895623
2003_1338_1447,0.1869410316286959,0.8130589683713041
2003_1261_1345,0.21740942933165341,0.7825905706683466
2003_1332_1428,0.4472633190912453,0.5527366809087547
2003_1163_1390,0.6271205088463465,0.37287949115365354
2003_1120_1448,0.8109091950694846,0.18909080493051544
2003_1139_1257,0.5345046204593458,0.4654953795406542
2004_1106_1181,0.9749856695515802,0.025014330448419792
2004_1277_1305,0.5406145125836394,0.45938548741636065
2004_1153_1190,0.15233519084305525,0.8476648091569448
2004_1272_1376,0.2620214259509379,0.7379785740490621
2004_1280_1284,0.07762053970442795,0.922379460295572
2004_1186_1329,0.9432313347375102,0.05676866526248976
2004_1334_1344,0.6490511635718696,0.3509488364281303
2005_1184_1246,0.9637523861525628,0.036247613847437195
2005_1137_1242,0.7420885898894167,0.2579114101105833
2005_1235_1278,0.635827968473723,0.364172031526277
2005_1150_1301,0.5089851556655449,0.49101484433445514
2005_1130_1454,0.3056527625383374,0.6943472374616626
2005_1257_1449,0.7414730578424953,0.25852694215750466
2005_1228_1314,0.6592068716757422,0.34079312832425773
2006_1207_1320,0.486741735803068,0.513258264196932
2006_1104_1417,0.8856711349635098,0.11432886503649022
2006_1400_1452,0.2429201087892885,0.7570798912107115
2006_1196_1417,0.5072367001990491,0.4927632998009509
2007_1130_1403,0.5317969072222621,0.46820309277773786
2007_1139_1330,0.24403755935701288,0.7559624406429871
2007_1211_1231,0.5645042809694307,0.4354957190305693
2007_1184_1314,0.9436816152236237,0.05631838477637632
2007_1148_1326,0.9375903641469179,0.06240963585308212
2007_1417_1451,0.12622029306220373,0.8737797069377963
2007_1203_1435,0.5827742870010013,0.41722571299899874
2007_1332_1457,0.28028451690712564,0.7197154830928744
2007_1207_1326,0.43767422108426546,0.5623257789157345
2008_1140_1401,0.5130772421435905,0.4869227578564094
2008_1139_1375,0.4023528551477915,0.5976471448522085
2008_1207_1420,0.07856651434994655,0.9214334856500535
2008_1291_1314,0.9749212318395979,0.025078768160402096
2008_1242_1424,0.10503049166252831,0.8949695083374717
2008_1401_1417,0.47654027256047227,0.5234597274395277
2008_1172_1207,0.750598929129449,0.24940107087055102
2008_1314_1450,0.22872688385406081,0.7712731161459392
2009_1278_1400,0.7737497660926373,0.22625023390736262
2009_1257_1287,0.1829758502114499,0.8170241497885501
2009_1266_1429,0.2318084238802025,0.7681915761197975
2009_1277_1352,0.16340861249704652,0.8365913875029535
2009_1329_1397,0.3701927528748341,0.6298072471251659
2009_1261_1314,0.6464705579300993,0.3535294420699006
2009_1173_1242,0.8537415643279721,0.14625843567202793
2009_1257_1373,0.12660110196074958,0.8733988980392504
2009_1266_1281,0.5628205633727019,0.4371794366272981
2009_1272_1281,0.6777075685548242,0.32229243144517583
2009_1277_1314,0.8039076900072157,0.19609230999278426
2010_1243_1317,0.17309100926557186,0.8269089907344281
2010_1285_1307,0.9254799876385217,0.0745200123614783
2010_1323_1330,0.3349667685840332,0.6650332314159668
2010_1361_1397,0.5644171355522181,0.435582864447782
2010_1210_1329,0.4943074862080947,0.5056925137919053
2010_1325_1397,0.7504818173899988,0.2495181826100013
2010_1181_1452,0.6005961111765071,0.39940388882349287
2011_1114_1421,0.6354037650679192,0.3645962349320808
2011_1140_1459,0.2343575248989812,0.7656424751010188
2011_1211_1385,0.5856519126185739,0.41434808738142614
2011_1125_1458,0.8910088572742885,0.10899114272571157
2011_1131_1242,0.9585896255559123,0.041410374444087676
2011_1199_1323,0.7317232825420947,0.2682767174579053
2011_1112_1181,0.7405339338823449,0.25946606611765516
2011_1139_1433,0.5815119587710799,0.41848804122892014
2011_1139_1163,0.4166857234829747,0.5833142765170253
2012_1301_1361,0.4893555848957857,0.5106444151042143
2012_1323_1462,0.2994259552792412,0.7005740447207588
2012_1257_1307,0.35376017972734175,0.6462398202726582
2012_1266_1293,0.5183331618639959,0.481666838136004
2012_1257_1277,0.8591405939453594,0.1408594060546407
2012_1124_1462,0.2832077886434746,0.7167922113565254
2012_1326_1393,0.6341302268398838,0.3658697731601161
2013_1292_1388,0.6481662965653762,0.35183370343462383
2013_1103_1433,0.7690742027041141,0.23092579729588592
2013_1153_1166,0.6713540729758997,0.32864592702410034
2013_1257_1332,0.161613917557467,0.838386082442533
2013_1181_1257,0.5990332675581276,0.4009667324418724
2014_1153_1217,0.3466292209946119,0.6533707790053881
2014_1211_1329,0.35174034026993384,0.6482596597300662
2014_1314_1344,0.362127862824432,0.637872137175568
2014_1269_1397,0.5398869495834075,0.46011305041659245
2014_1112_1211,0.16233690849957094,0.8376630915004291
2014_1372_1417,0.863677501938443,0.13632249806155708
2015_1153_1345,0.5185256221784866,0.48147437782151337
2015_1124_1209,0.2794968356462202,0.7205031643537798
2015_1279_1462,0.7449592174332751,0.2550407825667249
2015_1246_1452,0.21022481444765073,0.7897751855523493
2015_1112_1458,0.5872423342720345,0.41275766572796546
2016_1122_1242,0.9665589884676762,0.0334410115323238
2016_1333_1433,0.5727498136328912,0.42725018636710876
2016_1314_1344,0.131385318057046,0.868614681942954
2016_1211_1393,0.5081265983566291,0.4918734016433709
2016_1314_1437,0.23179664795213473,0.7682033520478653
2017_1211_1355,0.03263802854402498,0.967361971455975
2017_1323_1452,0.40546205619486764,0.5945379438051324
2017_1437_1458,0.23898323275753697,0.761016767242463
2017_1242_1277,0.2533937631436115,0.7466062368563885
2017_1332_1348,0.39980251424793356,0.6001974857520664
2017_1276_1332,0.40224634537720494,0.5977536546227951
2018_1300_1411,0.4695626374845294,0.5304373625154706
2018_1181_1233,0.1944252323940232,0.8055747676059768
2018_1242_1335,0.04698680483672879,0.9530131951632712
2018_1116_1139,0.479970793847472,0.520029206152528
2018_1411_1462,0.9609487127080685,0.039051287291931566
2018_1181_1348,0.4113748568625121,0.5886251431374879
2018_1139_1345,0.8393241272785692,0.1606758727214308
2018_1243_1260,0.4619226131300148,0.5380773868699852
2018_1181_1242,0.7693792869137981,0.2306207130862019
2018_1403_1437,0.5350396354330503,0.46496036456694967
2019_1235_1326,0.5242847308390266,0.47571526916097345
2019_1181_1277,0.6657450113942871,0.3342549886057129
2021_1326_1331,0.36494215436771094,0.6350578456322891
2021_1333_1397,0.6361991303152001,0.3638008696847998
2021_1160_1207,0.2851673257701739,0.7148326742298261
2021_1317_1437,0.8548099919712613,0.14519000802873874
